{"stats":{"minecraft:used":{"minecraft:stone_pickaxe":21,"minecraft:oak_planks":4,"minecraft:spruce_planks":9,"minecraft:wooden_pickaxe":43,"minecraft:blue_bed":1,"minecraft:iron_chestplate":1,"minecraft:dirt":15,"minecraft:crafting_table":5,"minecraft:spruce_log":3,"minecraft:iron_helmet":3,"biomesoplenty:toadstool":1,"minecraft:stone_axe":45,"minecraft:cobblestone":7,"minecraft:purple_bed":3,"minecraft:sweet_berries":5,"minecraft:andesite":1,"minecraft:oak_boat":1,"minecraft:egg":1,"alexsmobs:animal_dictionary":2,"biomesoplenty:violet":1},"minecraft:dropped":{"alexsmobs:animal_dictionary":1,"minecraft:spruce_boat":1,"minecraft:andesite":1},"minecraft:custom":{"minecraft:interact_with_furnace":1,"minecraft:mob_kills":2,"minecraft:interact_with_crafting_table":12,"minecraft:leave_game":3,"minecraft:time_since_death":6526,"minecraft:sleep_in_bed":3,"minecraft:climb_one_cm":143,"minecraft:time_since_rest":6636,"minecraft:sprint_one_cm":174616,"minecraft:damage_taken":3866,"minecraft:walk_one_cm":249108,"minecraft:drop":3,"minecraft:damage_dealt":1262,"minecraft:swim_one_cm":41080,"minecraft:talked_to_villager":1,"minecraft:fly_one_cm":154528,"minecraft:player_kills":2,"minecraft:open_chest":4,"minecraft:crouch_one_cm":5453,"minecraft:play_time":71477,"minecraft:deaths":12,"minecraft:sneak_time":987,"minecraft:walk_under_water_one_cm":17290,"minecraft:boat_one_cm":76031,"minecraft:jump":1207,"minecraft:walk_on_water_one_cm":29338,"minecraft:total_world_time":71477,"minecraft:fall_one_cm":33837},"minecraft:mined":{"minecraft:mossy_cobblestone":1,"minecraft:crafting_table":4,"minecraft:torch":2,"minecraft:grass_block":10,"minecraft:cobblestone":22,"minecraft:wall_torch":2,"minecraft:purple_bed":3,"minecraft:furnace":1,"biomesoplenty:toadstool":1,"minecraft:iron_ore":4,"minecraft:sweet_berry_bush":1,"biomesoplenty:violet":1,"minecraft:spruce_log":10,"minecraft:andesite":1,"biomesoplenty:maple_leaves":6,"dynamictrees:spruce_leaves":2,"minecraft:grass":10,"minecraft:oak_log":12,"minecraft:coal_ore":1,"minecraft:dirt":5,"biomesoplenty:spider_egg":1,"minecraft:stone":12,"minecraft:fern":2},"minecraft:crafted":{"minecraft:oak_planks":84,"minecraft:crafting_table":4,"minecraft:spruce_planks":28,"minecraft:iron_helmet":1,"minecraft:wooden_pickaxe":3,"minecraft:stone_axe":4,"minecraft:oak_boat":1,"minecraft:iron_chestplate":1,"minecraft:stick":16,"minecraft:iron_ingot":13,"minecraft:stone_pickaxe":2,"minecraft:spruce_boat":1},"minecraft:killed":{"alexsmobs:raccoon":1,"alexsmobs:blue_jay":1},"minecraft:picked_up":{"minecraft:crafting_table":8,"minecraft:andesite":2,"minecraft:leather":4,"minecraft:brown_mushroom":6,"minecraft:wooden_pickaxe":4,"biomesoplenty:orange_autumn_sapling":4,"biomesoplenty:violet":1,"minecraft:oak_log":32,"minecraft:lily_pad":2,"minecraft:dirt":24,"minecraft:blue_bed":1,"minecraft:wheat_seeds":6,"minecraft:spruce_planks":7,"minecraft:stone_pickaxe":3,"minecraft:oak_boat":1,"dynamictrees:oak_seed":3,"alexsmobs:raccoon_tail":1,"minecraft:oak_planks":85,"minecraft:egg":1,"minecraft:furnace":2,"biomesoplenty:toadstool":1,"minecraft:stick":99,"minecraft:raw_iron":4,"minecraft:pumpkin":16,"minecraft:sweet_berries":3,"minecraft:torch":8,"minecraft:spruce_log":11,"minecraft:dark_oak_log":16,"minecraft:mossy_cobblestone":2,"alexsmobs:animal_dictionary":4,"minecraft:purple_bed":4,"minecraft:spruce_boat":2,"minecraft:stone_axe":3,"minecraft:iron_helmet":2,"minecraft:black_wool":1,"minecraft:coal":22,"minecraft:cobblestone":53},"minecraft:killed_by":{"minecraft:cave_spider":1,"minecraft:skeleton":6,"minecraft:spider":2}},"DataVersion":3465}