{"stats":{"minecraft:used":{"minecraft:stone_sword":111,"minecraft:stone_pickaxe":93,"minecraft:oak_planks":1,"minecraft:rotten_flesh":11,"minecraft:salmon":2,"minecraft:dirt":23,"minecraft:crafting_table":2,"biomesoplenty:maple_sapling":1,"minecraft:bread":14,"minecraft:iron_pickaxe":19,"minecraft:leather_helmet":1,"minecraft:iron_boots":2,"minecraft:spruce_sapling":2,"minecraft:stone_axe":1,"minecraft:cobblestone":10,"minecraft:sweet_berries":38,"alexsmobs:animal_dictionary":1,"minecraft:potato":29,"minecraft:cobbled_deepslate":2,"minecraft:large_fern":1},"minecraft:dropped":{"minecraft:stone_axe":1,"minecraft:sweet_berries":7,"minecraft:wheat_seeds":4,"minecraft:iron_nugget":4,"minecraft:stone_sword":1,"minecraft:cobbled_deepslate":10,"minecraft:feather":2,"minecraft:leather":2,"minecraft:leather_chestplate":1,"minecraft:wooden_pickaxe":1,"minecraft:stone_pickaxe":1},"minecraft:custom":{"minecraft:interact_with_furnace":2,"minecraft:mob_kills":14,"minecraft:interact_with_crafting_table":5,"minecraft:leave_game":1,"minecraft:time_since_death":2297,"minecraft:sleep_in_bed":1,"minecraft:climb_one_cm":1496,"minecraft:time_since_rest":2330,"minecraft:sprint_one_cm":318669,"minecraft:damage_taken":4801,"minecraft:walk_one_cm":123383,"minecraft:drop":12,"minecraft:damage_dealt":2895,"minecraft:swim_one_cm":76200,"minecraft:fly_one_cm":216166,"minecraft:open_chest":11,"minecraft:crouch_one_cm":222,"minecraft:play_time":70733,"minecraft:sneak_time":479,"minecraft:deaths":12,"minecraft:walk_under_water_one_cm":61460,"minecraft:jump":1166,"minecraft:walk_on_water_one_cm":66611,"minecraft:total_world_time":70733,"minecraft:fall_one_cm":36664},"minecraft:mined":{"minecraft:crafting_table":1,"minecraft:grass_block":2,"minecraft:chest":1,"biomesoplenty:high_grass_plant":1,"minecraft:deepslate_gold_ore":9,"minecraft:lily_pad":1,"minecraft:oak_planks":1,"minecraft:purple_bed":1,"minecraft:iron_ore":2,"minecraft:sweet_berry_bush":34,"dynamictrees:spruce_leaves":1,"biomesoplenty:high_grass":1,"minecraft:grass":13,"minecraft:oak_log":4,"minecraft:dirt_path":2,"minecraft:dirt":3,"minecraft:stone":42,"minecraft:deepslate":13,"minecraft:fern":11},"minecraft:crafted":{"minecraft:oak_planks":20,"minecraft:crafting_table":1,"minecraft:stick":4,"minecraft:stone_pickaxe":10,"minecraft:stone_sword":1},"minecraft:killed":{"minecraft:salmon":2,"minecraft:creeper":1,"minecraft:skeleton":2,"minecraft:zombie":5,"minecraft:drowned":1},"minecraft:picked_up":{"minecraft:iron_chestplate":3,"minecraft:crafting_table":12,"minecraft:leather_chestplate":13,"minecraft:salmon":2,"minecraft:leather":16,"minecraft:wooden_pickaxe":5,"minecraft:potato":29,"minecraft:flint":6,"minecraft:oak_log":6,"minecraft:lily_pad":1,"minecraft:gunpowder":16,"minecraft:dirt":44,"minecraft:large_fern":1,"minecraft:compass":1,"minecraft:bone":13,"minecraft:apple":72,"minecraft:wheat_seeds":4,"minecraft:cobbled_deepslate":30,"minecraft:raw_gold":78,"minecraft:iron_ingot":14,"minecraft:stone_pickaxe":67,"dynamictrees:oak_seed":57,"minecraft:iron_nugget":24,"minecraft:iron_pickaxe":16,"minecraft:chest":4,"minecraft:oak_planks":99,"minecraft:iron_boots":8,"minecraft:stick":44,"minecraft:raw_iron":4,"minecraft:sweet_berries":544,"minecraft:spruce_log":71,"minecraft:iron_horse_armor":8,"alexsmobs:animal_dictionary":9,"minecraft:leather_helmet":8,"minecraft:purple_bed":2,"biomesoplenty:maple_sapling":1,"minecraft:stone_sword":6,"minecraft:arrow":14,"minecraft:rotten_flesh":18,"minecraft:stone_axe":1,"minecraft:pumpkin_pie":8,"minecraft:bread":6,"minecraft:emerald":65,"minecraft:saddle":16,"minecraft:gold_ingot":7,"minecraft:cobblestone":43},"minecraft:killed_by":{"alexsmobs:crocodile":1,"alexsmobs:centipede_head":1,"minecraft:skeleton":5,"minecraft:creeper":3,"alexsmobs:murmur_head":1}},"DataVersion":3465}