{"stats":{"minecraft:used":{"minecraft:golden_boots":1,"minecraft:diorite":12,"minecraft:stone_pickaxe":42,"biomesoplenty:willow_planks":29,"minecraft:wooden_pickaxe":6,"minecraft:blue_bed":2,"minecraft:rotten_flesh":1,"minecraft:netherrack":2,"minecraft:torch":16,"minecraft:golden_apple":1,"minecraft:dirt":9,"minecraft:crafting_table":4,"minecraft:granite":1,"minecraft:iron_pickaxe":7,"minecraft:spruce_sapling":2,"alexsmobs:tendon_whip":31,"minecraft:stone_axe":41,"minecraft:cobblestone":56,"minecraft:beef":3,"minecraft:furnace":2,"alexsmobs:animal_dictionary":3,"minecraft:golden_pickaxe":119,"minecraft:cooked_beef":7,"minecraft:cobbled_deepslate":2,"minecraft:golden_axe":25},"minecraft:broken":{"minecraft:golden_axe":1,"minecraft:golden_pickaxe":1},"minecraft:dropped":{"biomesoplenty:toadstool":2,"minecraft:wheat_seeds":2,"minecraft:oak_log":1,"minecraft:rotten_flesh":2,"minecraft:gunpowder":2,"minecraft:spider_eye":1,"minecraft:stone_brick_slab":2},"minecraft:custom":{"minecraft:interact_with_furnace":21,"minecraft:mob_kills":43,"minecraft:interact_with_crafting_table":15,"minecraft:leave_game":3,"minecraft:time_since_death":25369,"minecraft:sleep_in_bed":2,"minecraft:climb_one_cm":1115,"minecraft:time_since_rest":25407,"minecraft:damage_absorbed":40,"minecraft:sprint_one_cm":195128,"minecraft:damage_taken":1747,"minecraft:walk_one_cm":163308,"minecraft:drop":11,"minecraft:damage_dealt":3681,"minecraft:player_kills":1,"minecraft:swim_one_cm":35220,"minecraft:fly_one_cm":413860,"minecraft:open_chest":7,"minecraft:play_time":72474,"minecraft:crouch_one_cm":3000,"minecraft:sneak_time":2229,"minecraft:deaths":4,"minecraft:walk_under_water_one_cm":16048,"minecraft:jump":1492,"minecraft:interact_with_blast_furnace":1,"minecraft:walk_on_water_one_cm":21138,"minecraft:total_world_time":72474,"minecraft:fall_one_cm":41438},"minecraft:mined":{"minecraft:stone_brick_slab":2,"minecraft:crafting_table":2,"minecraft:granite":1,"minecraft:grass_block":3,"minecraft:tall_grass":2,"biomesoplenty:sprout":2,"biomesoplenty:willow_log":7,"minecraft:diorite":15,"minecraft:blue_bed":1,"biomesoplenty:willow_planks":1,"dynamictrees:oak_leaves":1,"minecraft:tall_seagrass":7,"minecraft:furnace":1,"biomesoplenty:toadstool":1,"minecraft:iron_ore":6,"minecraft:fire":1,"biomesoplenty:maple_leaves":5,"minecraft:grass":35,"minecraft:oak_log":16,"minecraft:coal_ore":22,"minecraft:deepslate_iron_ore":2,"minecraft:vine":1,"minecraft:sunflower":2,"minecraft:dirt":7,"minecraft:stone":115,"minecraft:netherrack":2,"minecraft:fern":10},"minecraft:crafted":{"minecraft:cooked_beef":3,"minecraft:oak_planks":88,"minecraft:crafting_table":3,"minecraft:wooden_pickaxe":1,"minecraft:furnace":1,"minecraft:stone_axe":2,"biomesoplenty:willow_planks":28,"minecraft:air":0,"minecraft:iron_boots":1,"minecraft:stick":16,"minecraft:iron_ingot":30,"minecraft:iron_pickaxe":1,"minecraft:stone_pickaxe":1,"minecraft:iron_leggings":1,"minecraft:torch":16,"alexsmobs:tendon_whip":1},"minecraft:killed":{"minecraft:spider":3,"minecraft:bat":2,"alexsmobs:shoebill":1,"alexsmobs:murmur":1,"alexsmobs:seagull":5,"minecraft:skeleton":2,"alexsmobs:crocodile":4,"minecraft:zombie":10,"minecraft:chicken":4,"alexsmobs:fly":2,"alexsmobs:centipede_head":1,"minecraft:turtle":3,"minecraft:cow":3,"minecraft:enderman":1},"minecraft:picked_up":{"minecraft:seagrass":2,"minecraft:crafting_table":2,"minecraft:iron_chestplate":3,"minecraft:feather":15,"minecraft:cooked_beef":2,"minecraft:chicken":1,"minecraft:golden_pickaxe":1,"minecraft:leather":5,"minecraft:oak_log":63,"minecraft:golden_boots":3,"minecraft:gunpowder":4,"minecraft:string":10,"minecraft:dirt":15,"minecraft:blue_bed":2,"minecraft:armor_stand":6,"minecraft:bone":8,"biomesoplenty:willow_planks":1,"minecraft:bow":1,"minecraft:wheat_seeds":10,"minecraft:gold_nugget":33,"minecraft:cobbled_deepslate":4,"minecraft:raw_gold":6,"minecraft:iron_ingot":4,"minecraft:beef":6,"minecraft:stone_pickaxe":4,"alexsmobs:elastic_tendon":4,"dynamictrees:oak_seed":18,"minecraft:iron_pickaxe":1,"minecraft:oak_planks":60,"minecraft:furnace":2,"biomesoplenty:toadstool":4,"minecraft:stick":35,"minecraft:raw_iron":14,"minecraft:torch":14,"minecraft:stone_brick_slab":6,"minecraft:red_wool":2,"minecraft:golden_axe":1,"minecraft:spruce_sapling":2,"minecraft:diorite":26,"alexsmobs:crocodile_scute":3,"minecraft:gold_ore":1,"minecraft:spider_eye":2,"alexsmobs:centipede_leg":2,"minecraft:arrow":3,"minecraft:rotten_flesh":8,"biomesoplenty:willow_log":7,"minecraft:stone_axe":4,"minecraft:iron_helmet":3,"minecraft:granite":1,"minecraft:netherrack":8,"minecraft:obsidian":6,"minecraft:coal":43,"minecraft:cobblestone":271,"minecraft:sunflower":1},"minecraft:killed_by":{"minecraft:player":1,"minecraft:skeleton":2,"minecraft:creeper":1}},"DataVersion":3465}