{"stats":{"minecraft:used":{"minecraft:cooked_mutton":1,"minecraft:stone_pickaxe":34,"minecraft:oak_planks":37,"minecraft:spruce_planks":3,"minecraft:wooden_pickaxe":17,"minecraft:blue_bed":1,"minecraft:rotten_flesh":2,"minecraft:torch":1,"minecraft:dirt":22,"minecraft:crafting_table":4,"biomesoplenty:maple_sapling":1,"minecraft:spruce_boat":1,"minecraft:wooden_axe":35,"minecraft:spruce_sapling":4,"minecraft:stone_axe":88,"minecraft:cobblestone":7,"minecraft:purple_bed":1,"minecraft:furnace":1,"minecraft:andesite":8,"minecraft:pumpkin_pie":1},"minecraft:dropped":{"minecraft:stone_axe":1,"minecraft:coal":1,"minecraft:purple_bed":1,"minecraft:stone_pickaxe":1,"minecraft:blue_bed":1},"minecraft:custom":{"minecraft:interact_with_furnace":8,"minecraft:mob_kills":4,"minecraft:interact_with_crafting_table":11,"minecraft:leave_game":3,"minecraft:time_since_death":2028,"minecraft:sleep_in_bed":6,"minecraft:climb_one_cm":581,"minecraft:time_since_rest":2073,"minecraft:sprint_one_cm":192827,"minecraft:damage_taken":1974,"minecraft:walk_one_cm":196915,"minecraft:drop":5,"minecraft:damage_dealt":641,"minecraft:talked_to_villager":3,"minecraft:swim_one_cm":8554,"minecraft:fly_one_cm":219783,"minecraft:open_chest":13,"minecraft:crouch_one_cm":219,"minecraft:play_time":64364,"minecraft:deaths":7,"minecraft:sneak_time":272,"minecraft:walk_under_water_one_cm":9919,"minecraft:boat_one_cm":72196,"minecraft:jump":1397,"minecraft:walk_on_water_one_cm":10136,"minecraft:total_world_time":64364,"minecraft:fall_one_cm":32674},"minecraft:mined":{"biomesoplenty:orange_autumn_leaves":1,"minecraft:brown_mushroom":6,"minecraft:dark_oak_log":17,"minecraft:torch":3,"minecraft:grass_block":11,"minecraft:tall_grass":2,"minecraft:cobblestone":2,"minecraft:spruce_leaves":4,"minecraft:oak_planks":16,"minecraft:diorite":3,"minecraft:blue_bed":2,"minecraft:large_fern":4,"minecraft:purple_bed":2,"minecraft:spruce_log":23,"minecraft:andesite":8,"biomesoplenty:maple_leaves":31,"minecraft:pumpkin":8,"minecraft:grass":27,"minecraft:oak_log":38,"minecraft:dirt_path":5,"minecraft:dirt":15,"minecraft:stone":34,"minecraft:deepslate":3,"minecraft:fern":8},"minecraft:crafted":{"minecraft:oak_planks":148,"minecraft:crafting_table":5,"minecraft:spruce_planks":84,"minecraft:wooden_pickaxe":1,"minecraft:furnace":1,"minecraft:stone_axe":2,"minecraft:cooked_mutton":1,"minecraft:air":0,"minecraft:stick":148,"minecraft:iron_ingot":3,"minecraft:stone_pickaxe":1,"minecraft:wooden_axe":1,"minecraft:spruce_boat":1},"minecraft:killed":{"minecraft:spider":1,"minecraft:sheep":1,"minecraft:zombie":2},"minecraft:picked_up":{"minecraft:crafting_table":1,"minecraft:andesite":9,"minecraft:brown_mushroom":6,"minecraft:wooden_pickaxe":4,"minecraft:oak_log":53,"minecraft:string":1,"minecraft:blue_bed":2,"minecraft:dirt":33,"minecraft:wheat_seeds":4,"minecraft:cobbled_deepslate":7,"minecraft:iron_ingot":3,"minecraft:stone_pickaxe":3,"minecraft:oak_boat":1,"minecraft:oak_planks":68,"minecraft:stick":164,"minecraft:raw_iron":4,"minecraft:pumpkin":16,"minecraft:torch":4,"minecraft:spruce_sapling":4,"minecraft:spruce_log":26,"minecraft:diorite":1,"minecraft:dark_oak_log":17,"biomesoplenty:maple_sapling":1,"minecraft:rotten_flesh":2,"minecraft:purple_bed":3,"minecraft:spruce_boat":2,"minecraft:stone_axe":3,"minecraft:pumpkin_pie":1,"minecraft:emerald":2,"minecraft:black_wool":1,"minecraft:mutton":1,"minecraft:coal":2,"minecraft:cobblestone":77},"minecraft:killed_by":{"minecraft:player":2,"minecraft:creeper":1,"minecraft:spider":2}},"DataVersion":3465}